Student_ID,Age,Gender
S001,22,Male
S002,24,Female
S003,21,Male
S004,23,Female
S005,25,Male
S006,22,Female
S007,24,Male
S008,23,Female
S009,21,Male
S010,25,Female
S011,22,Male
S012,24,Female
S013,23,Male
S014,21,Female
S015,25,Male
S016,22,Female
S017,24,Male
S018,23,Female
S019,21,Male
S020,25,Female
S021,22,Male
S022,24,Female
S023,23,Male
S024,21,Female
S025,25,Male
S026,22,Female
S027,24,Male
S028,23,Female
S029,21,Male
S030,25,Female
S031,22,Male
S032,24,Female
S033,23,Male
S034,21,Female
S035,25,Male
S036,22,Female
S037,24,Male
S038,23,Female
S039,21,Male
S040,25,Female
S041,22,Male
S042,24,Female
S043,23,Male
S044,21,Female
S045,25,Male
S046,22,Female
S047,24,Male
S048,23,Female
S049,21,Male
S050,25,Female
S051,22,Male
S052,24,Female
S053,23,Male
S054,21,Female
S055,25,Male
S056,22,Female
S057,24,Male
S058,23,Female
S059,21,Male
S060,25,Female
S061,22,Male
S062,24,Female
S063,23,Male
S064,21,Female
S065,25,Male
S066,22,Female
S067,24,Male
S068,23,Female
S069,21,Male
S070,25,Female
S071,22,Male
S072,24,Female
S073,23,Male
S074,21,Female
S075,25,Male
S076,22,Female
S077,24,Male
S078,23,Female
S079,21,Male
S080,25,Female
S081,22,Male
S082,24,Female
S083,23,Male
S084,21,Female
S085,25,Male
S086,22,Female
S087,24,Male
S088,23,Female
S089,21,Male
S090,25,Female
S091,22,Male
S092,24,Female
S093,23,Male
S094,21,Female
S095,25,Male
S096,22,Female
S097,24,Male
S098,23,Female
S099,21,Male
S100,25,Female
S101,22,Male
S102,24,Female
S103,23,Male
S104,21,Female
S105,25,Male
S106,22,Female
S107,24,Male
S108,23,Female
S109,21,Male
S110,25,Female
S111,22,Male
S112,24,Female
S113,23,Male
S114,21,Female
S115,25,Male
S116,22,Female
S117,24,Male
S118,23,Female
S119,21,Male
S120,25,Female
S121,22,Male
S122,24,Female
S123,23,Male
S124,21,Female
S125,25,Male
S126,22,Female
S127,24,Male
S128,23,Female
S129,21,Male
S130,25,Female
S131,22,Male
S132,24,Female
S133,23,Male
S134,21,Female
S135,25,Male
S136,22,Female
S137,24,Male
S138,23,Female
S139,21,Male
S140,25,Female
S141,22,Male
S142,24,Female
S143,23,Male
S144,21,Female
S145,25,Male
S146,22,Female
S147,24,Male
S148,23,Female
S149,21,Male
S150,25,Female
S151,22,Male
S152,24,Female
S153,23,Male
S154,21,Female
S155,25,Male
S156,22,Female
S157,24,Male
S158,23,Female
S159,21,Male
S160,25,Female
S161,22,Male
S162,24,Female
S163,23,Male
S164,21,Female
S165,25,Male
S166,22,Female
S167,24,Male
S168,23,Female
S169,21,Male
S170,25,Female
S171,22,Male
S172,24,Female
S173,23,Male
S174,21,Female
S175,25,Male
S176,22,Female
S177,24,Male
S178,23,Female
S179,21,Male
S180,25,Female
S181,22,Male
S182,24,Female
S183,23,Male
S184,21,Female
S185,25,Male
S186,22,Female
S187,24,Male
S188,23,Female
S189,21,Male
S190,25,Female
S191,22,Male
S192,24,Female
S193,23,Male
S194,21,Female
S195,25,Male
S196,22,Female
S197,24,Male
S198,23,Female
S199,21,Male
S200,25,Female
S201,22,Male
S202,24,Female
S203,23,Male
S204,21,Female
S205,25,Male
S206,22,Female
S207,24,Male
S208,23,Female
S209,21,Male
S210,25,Female
S211,22,Male
S212,24,Female
S213,23,Male
S214,21,Female
S215,25,Male
S216,22,Female
S217,24,Male
S218,23,Female
S219,21,Male
S220,25,Female
S221,22,Male
S222,24,Female
S223,23,Male
S224,21,Female
S225,25,Male
S226,22,Female
S227,24,Male
S228,23,Female
S229,21,Male
S230,25,Female
S231,22,Male
S232,24,Female
S233,23,Male
S234,21,Female
S235,25,Male
S236,22,Female
S237,24,Male
S238,23,Female
S239,21,Male
S240,25,Female
S241,22,Male
S242,24,Female
S243,23,Male
S244,21,Female
S245,25,Male
S246,22,Female
S247,24,Male
S248,23,Female
S249,21,Male
S250,25,Female
S251,22,Male
S252,24,Female
S253,23,Male
S254,21,Female
S255,25,Male
S256,22,Female
S257,24,Male
S258,23,Female
S259,21,Male
S260,25,Female
S261,22,Male
S262,24,Female
S263,23,Male
S264,21,Female
S265,25,Male
S266,22,Female
S267,24,Male
S268,23,Female
S269,21,Male
S270,25,Female
S271,22,Male
S272,24,Female
S273,23,Male
S274,21,Female
S275,25,Male
S276,22,Female
S277,24,Male
S278,23,Female
S279,21,Male
S280,25,Female
S281,22,Male
S282,24,Female
S283,23,Male
S284,21,Female
S285,25,Male
S286,22,Female
S287,24,Male
S288,23,Female
S289,21,Male
S290,25,Female
S291,22,Male
S292,24,Female
S293,23,Male
S294,21,Female
S295,25,Male
S296,22,Female
S297,24,Male
S298,23,Female
S299,21,Male
S300,25,Female
S301,22,Male
S302,24,Female
S303,23,Male
S304,21,Female
S305,25,Male
S306,22,Female
S307,24,Male
S308,23,Female
S309,21,Male
S310,25,Female
S311,22,Male
S312,24,Female
S313,23,Male
S314,21,Female
S315,25,Male
S316,22,Female
S317,24,Male
S318,23,Female
S319,21,Male
S320,25,Female
S321,22,Male
S322,24,Female
S323,23,Male
S324,21,Female
S325,25,Male
S326,22,Female
S327,24,Male
S328,23,Female
S329,21,Male
S330,25,Female
S331,22,Male
S332,24,Female
S333,23,Male
S334,21,Female
S335,25,Male
S336,22,Female
S337,24,Male
S338,23,Female
S339,21,Male
S340,25,Female
S341,22,Male
S342,24,Female
S343,23,Male
S344,21,Female
S345,25,Male
S346,22,Female
S347,24,Male
S348,23,Female
S349,21,Male
S350,25,Female
S351,22,Male
S352,24,Female
S353,23,Male
S354,21,Female
S355,25,Male
S356,22,Female
S357,24,Male
S358,23,Female
S359,21,Male
S360,25,Female
S361,22,Male
S362,24,Female
S363,23,Male
S364,21,Female
S365,25,Male
S366,22,Female
S367,24,Male
S368,23,Female
S369,21,Male
S370,25,Female
S371,22,Male
S372,24,Female
S373,23,Male
S374,21,Female
S375,25,Male
S376,22,Female
S377,24,Male
S378,23,Female
S379,21,Male
S380,25,Female
S381,22,Male
S382,24,Female
S383,23,Male
S384,21,Female
S385,25,Male
S386,22,Female
S387,24,Male
S388,23,Female
S389,21,Male
S390,25,Female
S391,22,Male
S392,24,Female
S393,23,Male
S394,21,Female
S395,25,Male
S396,22,Female
S397,24,Male
S398,23,Female
S399,21,Male
S400,25,Female